mT,Salt.Mix,Gelling.Agent,Sucrose,AgNO3,IAA,Iron.Chelate,Dark.Period,Run
1,DKW,Agar,35,0,5,EDTA,TRUE,1
1,MS,Agar,35,4,0,EDTA,FALSE,2
1,MS,Gelzan,15,0,5,EDTA,FALSE,3
0.1,MS,Gelzan,15,4,0,EDDHA,FALSE,4
1,DKW,Gelzan,35,4,5,EDDHA,FALSE,5
0.1,MS,Agar,35,0,5,EDDHA,FALSE,6
0.1,MS,Gelzan,35,4,5,EDTA,TRUE,7
1,MS,Gelzan,35,0,0,EDDHA,TRUE,8
1,DKW,Gelzan,15,4,0,EDTA,TRUE,9
1,DKW,Agar,15,0,0,EDDHA,FALSE,10
1,MS,Agar,15,4,5,EDDHA,TRUE,11
0.1,DKW,Agar,35,4,0,EDDHA,TRUE,12
0.1,DKW,Gelzan,35,0,0,EDTA,FALSE,13
0.1,DKW,Agar,15,4,5,EDTA,FALSE,14
0.1,DKW,Gelzan,15,0,5,EDDHA,TRUE,15
0.1,MS,Agar,15,0,0,EDTA,TRUE,16
